timestamp,latitude,longitude,altitude,heart_rate,power,cadence,speed,temperature,distance
2026-01-15T09:16:34.000Z,,,,,,,,,0
2026-01-15T09:16:37.000Z,,,,,0,0,0,,0
2026-01-15T09:16:38.000Z,,,,,0,0,0,,0
2026-01-15T09:16:39.000Z,,,,,0,0,0,,0
2026-01-15T09:16:40.000Z,,,,,0,0,0,,0
2026-01-15T09:16:41.000Z,,,,,0,0,0,,0
2026-01-15T09:16:42.000Z,,,,,0,0,0,,0
2026-01-15T09:16:43.000Z,,,,,3,35,0,,0
2026-01-15T09:16:44.000Z,,,,,7,24,0,,0
2026-01-15T09:16:45.000Z,,,,,0,13,0,,0
2026-01-15T09:16:46.000Z,,,,,0,2,0,,0
2026-01-15T09:16:47.000Z,,,,,0,0,0,,0
2026-01-15T09:16:48.000Z,,,,,3,0,0,,0
2026-01-15T09:16:49.000Z,,,,,6,36,0.5184,,0.00084
2026-01-15T09:16:50.000Z,,,0.3,,1,24,0.9468000000000001,,0.00207
2026-01-15T09:16:51.000Z,,,0.3,,0,12,0.5544,,0.00207
2026-01-15T09:16:52.000Z,,,0.3,,0,0,0.162,,0.00207
2026-01-15T09:16:53.000Z,,,0.3,,0,0,0,,0.00207
2026-01-15T09:16:54.000Z,,,0.3,,0,0,0,,0.00207
2026-01-15T09:16:55.000Z,,,0.3,,0,0,0,,0.00207
2026-01-15T09:16:56.000Z,,,0.3,,4,14,0.3456,,0.00276
2026-01-15T09:16:57.000Z,,,0.3,,8,33,19.62,,0.00621
2026-01-15T09:16:58.000Z,,,0.3,,0,19,12.33,,0.00621
2026-01-15T09:16:59.000Z,,,0.3,,0,6,5.04,,0.00621
2026-01-15T09:17:00.000Z,,,0.3,,0,0,0,,0.00621
2026-01-15T09:17:01.000Z,,,0.3,,0,0,0,,0.00621
2026-01-15T09:17:02.000Z,,,0.3,,0,0,0,,0.00621
2026-01-15T09:17:03.000Z,,,0.3,,0,0,0,,0.00621
2026-01-15T09:17:04.000Z,,,0.3,,0,0,0,,0.00621
2026-01-15T09:17:05.000Z,,,0.3,,0,0,0,,0.00621
2026-01-15T09:17:06.000Z,,,0.3,,0,0,0,,0.00621
2026-01-15T09:17:07.000Z,,,0.3,,8,0,0,,0.00621
2026-01-15T09:17:08.000Z,,,0.3,,18,39,0,,0.00621
2026-01-15T09:17:09.000Z,,,0.3,,2,25,0,,0.00621
2026-01-15T09:17:10.000Z,,,0.3,,0,12,0,,0.00621
2026-01-15T09:17:11.000Z,,,0.3,,0,0,0,,0.00621
2026-01-15T09:17:12.000Z,,,0.3,,0,0,0,,0.00621
2026-01-15T09:17:13.000Z,,,0.3,,0,0,0,,0.00621
2026-01-15T09:17:14.000Z,,,0.3,,0,0,0,,0.00621
2026-01-15T09:17:15.000Z,,,0.3,,0,0,0,,0.00621
2026-01-15T09:17:16.000Z,,,0.3,,8,0,0,,0.00621
2026-01-15T09:17:17.000Z,,,0.3,,16,37,28.6488,,0.01035
2026-01-15T09:17:18.000Z,,,0.3,,0,23,18.910800000000002,,0.01035
2026-01-15T09:17:19.000Z,,,0.3,,0,9,9.1728,,0.01035
2026-01-15T09:17:20.000Z,,,0.3,,0,0,0,,0.01035
2026-01-15T09:17:21.000Z,,,0.3,,0,0,0,,0.01035
2026-01-15T09:17:22.000Z,,,0.3,,0,0,0,,0.01035
2026-01-15T09:17:23.000Z,,,0.3,,0,0,0,,0.01035
2026-01-15T09:17:24.000Z,,,0.3,,0,0,0,,0.01035
2026-01-15T09:17:25.000Z,,,0.3,,8,0,0,,0.01035
2026-01-15T09:17:26.000Z,,,0.3,,17,43,5.7348,,0.012750000000000001
2026-01-15T09:17:27.000Z,,,0.3,,2,29,22.6224,,0.014490000000000001
2026-01-15T09:17:28.000Z,,,,,0,14,12.391200000000001,,0.014490000000000001
2026-01-15T09:17:29.000Z,,,,,0,0,2.16,,0.014490000000000001
2026-01-15T09:17:30.000Z,,,,,0,0,0,,0.014490000000000001
2026-01-15T09:17:31.000Z,,,,,0,0,0,,0.014490000000000001
2026-01-15T09:17:32.000Z,,,,,0,0,0,,0.014490000000000001
2026-01-15T09:17:33.000Z,,,,,0,0,0,,0.014490000000000001
2026-01-15T09:17:34.000Z,,,,,0,0,0,,0.014490000000000001
2026-01-15T09:17:35.000Z,,,,,0,0,0,,0.014490000000000001
2026-01-15T09:17:36.000Z,,,,,0,0,0,,0.014490000000000001
2026-01-15T09:17:37.000Z,,,,,0,0,0,,0.014490000000000001
2026-01-15T09:17:38.000Z,,,,,0,0,0,,0.014490000000000001
2026-01-15T09:17:39.000Z,,,,,0,0,0,,0.014490000000000001
2026-01-15T09:17:40.000Z,,,,,0,0,0,,0.014490000000000001
2026-01-15T09:17:41.000Z,,,,,0,0,0,,0.014490000000000001
2026-01-15T09:17:42.000Z,,,,,0,0,0,,0.014490000000000001
2026-01-15T09:17:43.000Z,,,,,0,0,0,,0.014490000000000001
2026-01-15T09:17:44.000Z,,,,,0,0,0,,0.014490000000000001
2026-01-15T09:17:45.000Z,,,,,0,0,0,,0.014490000000000001
2026-01-15T09:17:46.000Z,,,,,0,0,0,,0.014490000000000001
2026-01-15T09:17:47.000Z,,,,,0,0,0,,0.014490000000000001
2026-01-15T09:17:48.000Z,,,,,0,0,0,,0.014490000000000001
2026-01-15T09:17:49.000Z,,,,,0,0,0,,0.014490000000000001
2026-01-15T09:17:50.000Z,,,,,0,0,0,,0.014490000000000001
2026-01-15T09:17:51.000Z,,,,,0,0,0,,0.014490000000000001
2026-01-15T09:17:52.000Z,,,,,0,0,0,,0.014490000000000001
2026-01-15T09:17:53.000Z,,,,,0,0,0,,0.014490000000000001
2026-01-15T09:17:54.000Z,,,,,0,0,0,,0.014490000000000001
2026-01-15T09:17:55.000Z,,,,,0,0,0,,0.014490000000000001
2026-01-15T09:17:56.000Z,,,,,0,0,0,,0.014490000000000001
2026-01-15T09:17:57.000Z,,,,,0,0,0,,0.014490000000000001
2026-01-15T09:17:58.000Z,,,,,0,0,0,,0.014490000000000001
2026-01-15T09:17:59.000Z,,,,,0,0,0,,0.014490000000000001
2026-01-15T09:18:00.000Z,,,,,0,0,0,,0.014490000000000001
2026-01-15T09:18:01.000Z,,,,,0,0,0,,0.014490000000000001
2026-01-15T09:18:02.000Z,,,,,0,0,0,,0.014490000000000001
2026-01-15T09:18:03.000Z,,,,,0,0,0,,0.014490000000000001
2026-01-15T09:18:04.000Z,,,,,0,0,0,,0.014490000000000001
2026-01-15T09:18:05.000Z,,,,,0,0,0,,0.014490000000000001
2026-01-15T09:18:06.000Z,,,,,0,0,0,,0.014490000000000001
2026-01-15T09:18:07.000Z,,,,,0,0,0,,0.014490000000000001
2026-01-15T09:18:08.000Z,,,,,0,0,0,,0.014490000000000001
2026-01-15T09:18:09.000Z,,,,,0,0,0,,0.014490000000000001
2026-01-15T09:18:10.000Z,,,,,0,0,0,,0.014490000000000001
2026-01-15T09:18:11.000Z,,,,,0,0,0,,0.014490000000000001
2026-01-15T09:18:12.000Z,,,,,0,0,0,,0.014490000000000001
2026-01-15T09:18:13.000Z,,,,,0,0,0,,0.014490000000000001
2026-01-15T09:18:14.000Z,,,,,0,0,0,,0.014490000000000001
2026-01-15T09:18:15.000Z,,,,,0,0,0,,0.014490000000000001
2026-01-15T09:18:16.000Z,,,,,0,0,0,,0.014490000000000001
2026-01-15T09:18:17.000Z,,,,,0,0,0,,0.014490000000000001
2026-01-15T09:18:18.000Z,,,,,0,0,0,,0.014490000000000001
2026-01-15T09:18:19.000Z,,,,,0,0,0,,0.014490000000000001
2026-01-15T09:18:20.000Z,,,,,0,0,0,,0.014490000000000001
2026-01-15T09:18:21.000Z,,,,,0,0,0,,0.014490000000000001
2026-01-15T09:18:22.000Z,,,,,0,0,0,,0.014490000000000001
2026-01-15T09:18:23.000Z,,,,,0,0,0,,0.014490000000000001
2026-01-15T09:18:24.000Z,,,,,0,0,0,,0.014490000000000001
2026-01-15T09:18:25.000Z,,,,,0,0,0,,0.014490000000000001
2026-01-15T09:18:26.000Z,,,,,0,0,0,,0.014490000000000001
2026-01-15T09:18:27.000Z,,,,,5,0,0,,0.014490000000000001
2026-01-15T09:18:28.000Z,,,,,12,40,0,,0.014490000000000001
2026-01-15T09:18:29.000Z,,,,,2,27,0,,0.014490000000000001
2026-01-15T09:18:30.000Z,,,,,0,13,0,,0.014490000000000001
2026-01-15T09:18:31.000Z,,,,,0,0,0,,0.014490000000000001
2026-01-15T09:18:32.000Z,,,,,0,0,0,,0.014490000000000001
2026-01-15T09:18:33.000Z,,,,,8,0,0,,0.014490000000000001
2026-01-15T09:18:34.000Z,,,0.3,,16,40,30.1716,,0.01922
2026-01-15T09:18:35.000Z,,,0.3,,0,25,22.6512,,0.0207
2026-01-15T09:18:36.000Z,,,0.3,,0,10,13.3452,,0.0207
2026-01-15T09:18:37.000Z,,,0.3,,0,0,4.0392,,0.0207
2026-01-15T09:18:38.000Z,,,0.3,,0,0,0,,0.0207
2026-01-15T09:18:39.000Z,,,0.3,,0,0,0,,0.0207
2026-01-15T09:18:40.000Z,,,0.3,,0,0,0,,0.0207
2026-01-15T09:18:41.000Z,,,0.3,,7,38,3.9276,,0.02299
2026-01-15T09:18:42.000Z,,,0.3,,14,26,23.7744,,0.02484
2026-01-15T09:18:43.000Z,,,,,0,14,14.749200000000002,,0.02484
2026-01-15T09:18:44.000Z,,,,,0,2,5.724,,0.02484
2026-01-15T09:18:45.000Z,,,,,0,0,0,,0.02484
2026-01-15T09:18:46.000Z,,,,,0,0,0,,0.02484
2026-01-15T09:18:47.000Z,,,,,0,0,0,,0.02484
2026-01-15T09:18:48.000Z,,,,,0,0,0,,0.02484
2026-01-15T09:18:49.000Z,,,,,0,0,0,,0.02484
2026-01-15T09:18:50.000Z,,,,,0,0,0,,0.02484
2026-01-15T09:18:51.000Z,,,,,0,0,0,,0.02484
2026-01-15T09:18:52.000Z,,,,,0,0,0,,0.02484
2026-01-15T09:18:53.000Z,,,,,0,0,0,,0.02484
2026-01-15T09:18:54.000Z,,,,,0,0,0,,0.02484
2026-01-15T09:18:55.000Z,,,,,0,0,0,,0.02484
2026-01-15T09:18:56.000Z,,,,,0,0,0,,0.02484
2026-01-15T09:18:57.000Z,,,,,0,0,0,,0.02484
2026-01-15T09:18:58.000Z,,,,,0,0,0,,0.02484
2026-01-15T09:18:59.000Z,,,,,0,0,0,,0.02484
2026-01-15T09:19:00.000Z,,,,,0,0,0,,0.02484
2026-01-15T09:19:01.000Z,,,,,0,0,0,,0.02484
2026-01-15T09:19:02.000Z,,,,,0,0,0,,0.02484
2026-01-15T09:19:03.000Z,,,,,0,0,0,,0.02484
2026-01-15T09:19:04.000Z,,,,,0,0,0,,0.02484
2026-01-15T09:19:05.000Z,,,,,0,0,0,,0.02484
2026-01-15T09:19:06.000Z,,,,,0,0,0,,0.02484
2026-01-15T09:19:07.000Z,,,,,0,0,0,,0.02484
2026-01-15T09:19:08.000Z,,,,,0,0,0,,0.02484
2026-01-15T09:19:09.000Z,,,,,0,0,0,,0.02484
2026-01-15T09:19:10.000Z,,,,,0,0,0,,0.02484
2026-01-15T09:19:11.000Z,,,,,0,0,0,,0.02484
2026-01-15T09:19:12.000Z,,,,,0,0,0,,0.02484
2026-01-15T09:19:13.000Z,,,,,0,0,0,,0.02484
2026-01-15T09:19:14.000Z,,,,,0,0,0,,0.02484
2026-01-15T09:19:15.000Z,,,,,0,0,0,,0.02484
2026-01-15T09:19:16.000Z,,,,,0,0,0,,0.02484
2026-01-15T09:19:17.000Z,,,,,0,0,0,,0.02484
2026-01-15T09:19:18.000Z,,,,,0,0,0,,0.02484
2026-01-15T09:19:19.000Z,,,,,0,0,0,,0.02484
2026-01-15T09:19:20.000Z,,,,,0,0,0,,0.02484
2026-01-15T09:19:21.000Z,,,,,0,0,0,,0.02484
2026-01-15T09:19:22.000Z,,,,,0,0,0,,0.02484
2026-01-15T09:19:23.000Z,,,,,0,0,0,,0.02484
2026-01-15T09:19:24.000Z,,,,,0,0,0,,0.02484
2026-01-15T09:19:25.000Z,,,,,0,0,0,,0.02484
2026-01-15T09:19:26.000Z,,,,,0,0,0,,0.02484
2026-01-15T09:19:27.000Z,,,,,0,0,0,,0.02484
2026-01-15T09:19:28.000Z,,,,,0,0,0,,0.02484
2026-01-15T09:19:29.000Z,,,,,0,0,0,,0.02484
2026-01-15T09:19:30.000Z,,,,,0,0,0,,0.02484
2026-01-15T09:19:31.000Z,,,,,0,0,0,,0.02484
2026-01-15T09:19:32.000Z,,,,,0,0,0,,0.02484
2026-01-15T09:19:33.000Z,,,,,0,0,0,,0.02484
2026-01-15T09:19:34.000Z,,,,,0,0,0,,0.02484
2026-01-15T09:19:35.000Z,,,,,0,0,0,,0.02484
2026-01-15T09:19:36.000Z,,,,,0,0,0,,0.02484
2026-01-15T09:19:37.000Z,,,,,0,0,0,,0.02484
2026-01-15T09:19:38.000Z,,,,,0,0,0,,0.02484
2026-01-15T09:19:39.000Z,,,,,10,0,0,,0.02484
2026-01-15T09:19:40.000Z,,,0.3,,51,42,24.3216,,0.027719999999999998
2026-01-15T09:19:41.000Z,,,0.3,,89,50,21.564,,0.03401
2026-01-15T09:19:42.000Z,,,0.3,,84,55,20.268,,0.039490000000000004
2026-01-15T09:19:43.000Z,,,0.3,,90,56,22.212,,0.04575
2026-01-15T09:19:44.000Z,,,0.3,,97,61,25.6536,,0.051930000000000004
2026-01-15T09:19:45.000Z,,,0.3,,80,62,18.7776,,0.05826
2026-01-15T09:19:46.000Z,,,0.3,,61,60,14.1912,,0.06239
2026-01-15T09:19:47.000Z,,,0.3,,70,60,16.992,,0.06623000000000001
2026-01-15T09:19:48.000Z,,,0.3,,81,60,19.3212,,0.07178
2026-01-15T09:19:49.000Z,,,0.3,,86,61,21.582,,0.07676999999999999
2026-01-15T09:19:50.000Z,,,0.3,,86,62,20.8584,,0.08369
2026-01-15T09:19:51.000Z,,,0.3,,81,63,20.8728,,0.08942
2026-01-15T09:19:52.000Z,,,0.3,,77,63,18.212400000000002,,0.09459999999999999
2026-01-15T09:19:53.000Z,,,0.3,,78,63,19.35,,0.09961
2026-01-15T09:19:54.000Z,,,0.3,,81,64,20.8944,,0.10543000000000001
2026-01-15T09:19:55.000Z,,,0.3,,79,64,19.1376,,0.11103
2026-01-15T09:19:56.000Z,,,0.3,,81,65,19.3752,,0.11625
2026-01-15T09:19:57.000Z,,,0.3,,82,66,23.1336,,0.1225
2026-01-15T09:19:58.000Z,,,0.3,,72,65,17.229599999999998,,0.12708
2026-01-15T09:19:59.000Z,,,0.3,,66,65,16.3296,,0.13177000000000003
2026-01-15T09:20:00.000Z,,,0.3,,68,64,16.3224,,0.13596
2026-01-15T09:20:01.000Z,,,0.3,,73,64,17.5032,,0.14062
2026-01-15T09:20:02.000Z,,,0.3,,74,64,18.8784,,0.14615
2026-01-15T09:20:03.000Z,,,0.3,,75,64,18.021600000000003,,0.15141
2026-01-15T09:20:04.000Z,,,0.3,,79,64,20.0772,,0.15657
2026-01-15T09:20:05.000Z,,,0.3,,77,64,18.651600000000002,,0.16211
2026-01-15T09:20:06.000Z,,,0.3,,79,64,19.0332,,0.167
2026-01-15T09:20:07.000Z,,,0.3,,86,65,22.993199999999998,,0.17312
2026-01-15T09:20:08.000Z,,,0.3,,82,66,20.5776,,0.1789
2026-01-15T09:20:09.000Z,,,0.3,,73,66,18.943199999999997,,0.18439
2026-01-15T09:20:10.000Z,,,0.3,,69,66,15.685200000000002,,0.18858000000000003
2026-01-15T09:20:11.000Z,,,0.3,,74,65,17.6148,,0.19376
2026-01-15T09:20:12.000Z,,,0.3,,82,66,20.1996,,0.19901
2026-01-15T09:20:13.000Z,,,0.3,,84,67,21.290399999999998,,0.20551
2026-01-15T09:20:14.000Z,,,0.3,,84,67,19.9044,,0.21043
2026-01-15T09:20:15.000Z,,,0.3,,95,69,22.4892,,0.21601
2026-01-15T09:20:16.000Z,,,0.3,,104,72,26.6184,,0.22396000000000002
2026-01-15T09:20:17.000Z,,,0.3,,81,74,21.0708,,0.23021000000000003
2026-01-15T09:20:18.000Z,,,0.3,,65,73,13.4388,,0.2335
2026-01-15T09:20:19.000Z,,,0.3,,69,72,17.3736,,0.23858000000000001
2026-01-15T09:20:20.000Z,,,0.3,,71,72,18.1944,,0.24344
2026-01-15T09:20:21.000Z,,,0.3,,68,71,16.5564,,0.2487
2026-01-15T09:20:22.000Z,,,0.3,,67,70,16.2468,,0.25283
2026-01-15T09:20:23.000Z,,,0.3,,67,69,17.197200000000002,,0.25701
2026-01-15T09:20:24.000Z,,,0.3,,71,69,16.7832,,0.26222
2026-01-15T09:20:25.000Z,,,0.3,,79,69,22.5396,,0.26783999999999997
2026-01-15T09:20:26.000Z,,,0.3,,81,70,18.183600000000002,,0.27368000000000003
2026-01-15T09:20:27.000Z,,,0.3,,80,71,20.5956,,0.27862000000000003
2026-01-15T09:20:28.000Z,,,0.3,,84,71,20.4048,,0.2838
2026-01-15T09:20:29.000Z,,,0.3,,84,73,21.9384,,0.29023000000000004
2026-01-15T09:20:30.000Z,,,0.3,,76,73,17.8344,,0.29631
2026-01-15T09:20:31.000Z,,,0.3,,62,72,14.9868,,0.30044
2026-01-15T09:20:32.000Z,,,0.3,,68,71,14.921999999999999,,0.30462
2026-01-15T09:20:33.000Z,,,0.3,,84,71,21.4344,,0.30983
2026-01-15T09:20:34.000Z,,,0.3,,91,73,23.0364,,0.31544
2026-01-15T09:20:35.000Z,,,0.3,,83,74,18.5472,,0.32221
2026-01-15T09:20:36.000Z,,,0.3,,75,74,19.8468,,0.32722
2026-01-15T09:20:37.000Z,,,0.3,,76,74,18.7344,,0.33265
2026-01-15T09:20:38.000Z,,,0.3,,71,74,18.198,,0.33766
2026-01-15T09:20:39.000Z,,,0.3,,64,73,15.552000000000001,,0.34185000000000004
2026-01-15T09:20:40.000Z,,,0.3,,65,72,17.1324,,0.34598
2026-01-15T09:20:41.000Z,,,0.3,,73,71,16.7148,,0.35032
2026-01-15T09:20:42.000Z,,,0.3,,80,72,20.998800000000003,,0.3564
2026-01-15T09:20:43.000Z,,,0.3,,81,72,20.1996,,0.36149000000000003
2026-01-15T09:20:44.000Z,,,0.3,,81,73,20.026799999999998,,0.36705000000000004
2026-01-15T09:20:45.000Z,,,0.3,,84,74,20.0952,,0.373
2026-01-15T09:20:46.000Z,,,0.3,,86,75,22.3992,,0.37932
2026-01-15T09:20:47.000Z,,,0.3,,85,76,19.994400000000002,,0.38526
2026-01-15T09:20:48.000Z,,,0.3,,94,77,21.794400000000003,,0.38966
2026-01-15T09:20:49.000Z,,,0.3,,103,79,23.6772,,0.39773000000000003
2026-01-15T09:20:50.000Z,,,0.3,,96,82,24.962400000000002,,0.4043
2026-01-15T09:20:51.000Z,,,0.3,,72,82,17.6256,,0.41022000000000003
2026-01-15T09:20:52.000Z,,,0.3,,43,79,10.512,,0.41353
2026-01-15T09:20:53.000Z,,,0.3,,40,76,8.514000000000001,,0.41575
2026-01-15T09:20:54.000Z,,,0.3,,52,74,11.451600000000001,,0.41827
2026-01-15T09:20:55.000Z,,,0.3,,63,73,14.8752,,0.42248
2026-01-15T09:20:56.000Z,,,0.3,,79,73,18.6624,,0.42767000000000005
2026-01-15T09:20:57.000Z,,,0.3,,89,74,24.3576,,0.43391
2026-01-15T09:20:58.000Z,,,0.3,,86,75,20.653200000000002,,0.43942000000000003
2026-01-15T09:20:59.000Z,,,0.3,,80,76,19.8504,,0.4457
2026-01-15T09:21:00.000Z,,,0.3,,68,75,17.1036,,0.45059
2026-01-15T09:21:01.000Z,,,0.3,,65,74,14.713199999999999,,0.45464
2026-01-15T09:21:02.000Z,,,0.3,,71,74,17.586,,0.45998000000000006
2026-01-15T09:21:03.000Z,,,0.3,,78,74,18.511200000000002,,0.46408
2026-01-15T09:21:04.000Z,,,0.3,,85,75,23.288400000000003,,0.4704
2026-01-15T09:21:05.000Z,,,0.3,,79,75,19.756800000000002,,0.47635000000000005
2026-01-15T09:21:06.000Z,,,0.3,,72,75,18.0936,,0.48073000000000005
2026-01-15T09:21:07.000Z,,,0.3,,69,74,16.981199999999998,,0.4857
2026-01-15T09:21:08.000Z,,,0.3,,74,74,17.7696,,0.49092
2026-01-15T09:21:09.000Z,,,0.3,,79,75,19.98,,0.49613
2026-01-15T09:21:10.000Z,,,0.3,,80,75,20.2068,,0.5017400000000001
2026-01-15T09:21:11.000Z,,,0.3,,77,75,18.3132,,0.50644
2026-01-15T09:21:12.000Z,,,0.3,,74,76,20.2392,,0.5116700000000001
2026-01-15T09:21:13.000Z,,,0.3,,71,75,17.1432,,0.51687
2026-01-15T09:21:14.000Z,,,0.3,,79,75,18.788400000000003,,0.5218700000000001
2026-01-15T09:21:15.000Z,,,0.3,,94,76,24.8508,,0.5281399999999999
2026-01-15T09:21:16.000Z,,,0.3,,89,78,21.5136,,0.53464
2026-01-15T09:21:17.000Z,,,0.3,,80,78,20.5236,,0.5395599999999999
2026-01-15T09:21:18.000Z,,,0.3,,70,78,16.6392,,0.54477
2026-01-15T09:21:19.000Z,,,0.3,,69,78,17.665200000000002,,0.5493600000000001
2026-01-15T09:21:20.000Z,,,0.3,,73,77,17.676000000000002,,0.55404
2026-01-15T09:21:21.000Z,,,0.3,,78,78,20.973599999999998,,0.55984
2026-01-15T09:21:22.000Z,,,0.3,,79,78,18.392400000000002,,0.56449
2026-01-15T09:21:23.000Z,,,0.3,,83,79,20.0556,,0.56986
2026-01-15T09:21:24.000Z,,,0.3,,88,80,22.7592,,0.5758200000000001
2026-01-15T09:21:25.000Z,,,0.3,,85,81,21.3372,,0.58224
2026-01-15T09:21:26.000Z,,,0.3,,74,81,20.862000000000002,,0.5882000000000001
2026-01-15T09:21:27.000Z,,,0.3,,59,80,14.1876,,0.59238
2026-01-15T09:21:28.000Z,,,0.3,,59,79,17.244,,0.59656
2026-01-15T09:21:29.000Z,,,0.3,,62,78,13.2948,,0.59985
2026-01-15T09:21:30.000Z,,,0.3,,64,77,16.8624,,0.60491
2026-01-15T09:21:31.000Z,,,0.3,,62,76,15.3,,0.60877
2026-01-15T09:21:32.000Z,,,0.3,,65,75,14.832,,0.6129600000000001
2026-01-15T09:21:33.000Z,,,0.3,,74,75,19.1268,,0.61814
2026-01-15T09:21:34.000Z,,,0.3,,77,75,18.8208,,0.62341
2026-01-15T09:21:35.000Z,,,0.3,,80,75,20.6064,,0.62856
2026-01-15T09:21:36.000Z,,,0.3,,77,76,19.0728,,0.63414
2026-01-15T09:21:37.000Z,,,0.3,,73,75,17.247600000000002,,0.6399
2026-01-15T09:21:38.000Z,,,0.3,,78,75,20.465999999999998,,0.64464
2026-01-15T09:21:39.000Z,,,0.3,,55,69,16.668,,0.64998
2026-01-15T09:21:40.000Z,,,,,1,45,10.9908,,0.64998
2026-01-15T09:21:41.000Z,,,,,0,22,5.3136,,0.64998
2026-01-15T09:21:42.000Z,,,,,0,0,0,,0.64998
2026-01-15T09:21:43.000Z,,,,,0,0,0,,0.64998
2026-01-15T09:21:44.000Z,,,,,0,0,0,,0.64998
2026-01-15T09:21:45.000Z,,,,,0,0,0,,0.64998
2026-01-15T09:21:46.000Z,,,,,0,0,0,,0.64998
2026-01-15T09:21:47.000Z,,,,,0,0,0,,0.64998
2026-01-15T09:21:48.000Z,,,,,0,0,0,,0.64998
2026-01-15T09:21:49.000Z,,,,,0,0,0,,0.64998
2026-01-15T09:21:50.000Z,,,,,0,0,0,,0.64998
2026-01-15T09:21:51.000Z,,,,,0,0,0,,0.64998
2026-01-15T09:21:52.000Z,,,,,0,0,0,,0.64998
2026-01-15T09:21:53.000Z,,,,,0,0,0,,0.64998
2026-01-15T09:21:54.000Z,,,,,0,0,0,,0.64998
2026-01-15T09:21:55.000Z,,,,,0,0,0,,0.64998
2026-01-15T09:21:56.000Z,,,,,0,0,0,,0.64998
2026-01-15T09:21:57.000Z,,,,,0,0,0,,0.64998
2026-01-15T09:21:58.000Z,,,,,0,0,0,,0.64998
2026-01-15T09:21:59.000Z,,,,,0,0,0,,0.64998
2026-01-15T09:22:00.000Z,,,,,0,0,0,,0.64998
2026-01-15T09:22:01.000Z,,,,,0,0,0,,0.64998
2026-01-15T09:22:02.000Z,,,,,0,0,0,,0.64998
2026-01-15T09:22:03.000Z,,,,,0,0,0,,0.64998
2026-01-15T09:22:04.000Z,,,,,0,0,0,,0.64998
2026-01-15T09:22:05.000Z,,,,,0,0,0,,0.64998
2026-01-15T09:22:06.000Z,,,,,0,0,0,,0.64998
2026-01-15T09:22:07.000Z,,,,,0,0,0,,0.64998
2026-01-15T09:22:08.000Z,,,,,0,0,0,,0.64998
2026-01-15T09:22:09.000Z,,,,,0,0,0,,0.64998
2026-01-15T09:22:10.000Z,,,,,0,0,0,,0.64998
2026-01-15T09:22:11.000Z,,,,,1,0,0,,0.64998
2026-01-15T09:22:12.000Z,,,,,44,34,0.1656,,0.65003
2026-01-15T09:22:13.000Z,,,0.3,,141,46,27.5544,,0.6590499999999999
2026-01-15T09:22:14.000Z,,,0.3,,161,58,29.707200000000004,,0.66741
2026-01-15T09:22:15.000Z,,,0.3,,152,67,28.0548,,0.67576
2026-01-15T09:22:16.000Z,,,0.3,,148,70,27.5436,,0.68247
2026-01-15T09:22:17.000Z,,,0.3,,146,76,28.8468,,0.6890900000000001
2026-01-15T09:22:18.000Z,,,0.3,,112,78,25.4376,,0.69787
2026-01-15T09:22:19.000Z,,,0.3,,71,76,19.458000000000002,,0.70401
2026-01-15T09:22:20.000Z,,,0.3,,50,73,11.372399999999999,,0.70677
2026-01-15T09:22:21.000Z,,,0.3,,59,68,12.535200000000001,,0.7103700000000001
2026-01-15T09:22:22.000Z,,,0.3,,82,66,20.973599999999998,,0.71431
2026-01-15T09:22:23.000Z,,,0.3,,93,65,20.3868,,0.7217
2026-01-15T09:22:24.000Z,,,0.3,,102,65,25.221600000000002,,0.72751
2026-01-15T09:22:25.000Z,,,0.3,,111,66,25.812,,0.73533
2026-01-15T09:22:26.000Z,,,0.3,,116,67,25.1316,,0.7416699999999999
2026-01-15T09:22:27.000Z,,,0.3,,124,70,26.8056,,0.7496200000000001
2026-01-15T09:22:28.000Z,,,0.3,,124,72,26.298,,0.7561
2026-01-15T09:22:29.000Z,,,0.3,,122,74,26.604,,0.76379
2026-01-15T09:22:30.000Z,,,0.3,,114,76,26.3304,,0.77075
2026-01-15T09:22:31.000Z,,,0.3,,95,75,22.4712,,0.77703
2026-01-15T09:22:32.000Z,,,0.3,,92,75,22.384800000000002,,0.7831100000000001
2026-01-15T09:22:33.000Z,,,0.3,,88,74,22.1004,,0.78961
2026-01-15T09:22:34.000Z,,,0.3,,67,71,16.909200000000002,,0.79499
2026-01-15T09:22:35.000Z,,,0.3,,63,67,11.750399999999999,,0.7982899999999999
2026-01-15T09:22:36.000Z,,,0.3,,88,66,19.4724,,0.80344
2026-01-15T09:22:37.000Z,,,0.3,,110,67,25.9128,,0.80979
2026-01-15T09:22:38.000Z,,,0.3,,117,68,25.938000000000002,,0.8169299999999999
2026-01-15T09:22:39.000Z,,,0.3,,114,70,25.7544,,0.82456
2026-01-15T09:22:40.000Z,,,0.3,,109,71,25.347600000000003,,0.83137
2026-01-15T09:22:41.000Z,,,0.3,,104,71,24.8652,,0.83921
2026-01-15T09:22:42.000Z,,,0.3,,103,72,25.1208,,0.84527
2026-01-15T09:22:43.000Z,,,0.3,,97,72,22.8348,,0.85221
2026-01-15T09:22:44.000Z,,,0.3,,94,71,22.1832,,0.85757
2026-01-15T09:22:45.000Z,,,0.3,,100,71,24.8256,,0.86554
2026-01-15T09:22:46.000Z,,,0.3,,102,71,24.2964,,0.87175
2026-01-15T09:22:47.000Z,,,0.3,,101,71,25.290000000000003,,0.87815
2026-01-15T09:22:48.000Z,,,0.3,,97,71,22.0716,,0.88391
2026-01-15T09:22:49.000Z,,,0.3,,94,70,22.338,,0.89153
2026-01-15T09:22:50.000Z,,,0.3,,96,70,23.7636,,0.89717
2026-01-15T09:22:51.000Z,,,0.3,,104,70,25.56,,0.90552
2026-01-15T09:22:52.000Z,,,0.3,,101,70,23.886,,0.91128
2026-01-15T09:22:53.000Z,,,0.3,,101,70,24.3648,,0.9176000000000001
2026-01-15T09:22:54.000Z,,,0.3,,107,71,25.236,,0.92449
2026-01-15T09:22:55.000Z,,,0.3,,109,72,25.4484,,0.9314
2026-01-15T09:22:56.000Z,,,0.3,,106,72,25.261200000000002,,0.9383400000000001
2026-01-15T09:22:57.000Z,,,0.3,,102,73,24.991200000000003,,0.9455800000000001
2026-01-15T09:22:58.000Z,,,0.3,,98,73,24.2532,,0.95298
2026-01-15T09:22:59.000Z,,,0.3,,93,72,23.2272,,0.95926
2026-01-15T09:23:00.000Z,,,0.3,,88,71,22.1112,,0.96499
2026-01-15T09:23:01.000Z,,,0.3,,82,70,18.3708,,0.97101
2026-01-15T09:23:02.000Z,,,0.3,,91,69,23.1012,,0.97721
2026-01-15T09:23:03.000Z,,,0.3,,102,69,24.465600000000002,,0.98373
2026-01-15T09:23:04.000Z,,,0.3,,107,69,25.347600000000003,,0.9900100000000001
2026-01-15T09:23:05.000Z,,,0.3,,110,70,25.5168,,0.99702
2026-01-15T09:23:06.000Z,,,0.3,,107,71,24.9516,,1.00465
2026-01-15T09:23:07.000Z,,,0.3,,104,71,25.5528,,1.0109400000000002
2026-01-15T09:23:08.000Z,,,0.3,,102,72,23.1084,,1.01886
2026-01-15T09:23:09.000Z,,,0.3,,106,72,25.347600000000003,,1.02559
2026-01-15T09:23:10.000Z,,,0.3,,106,72,25.347600000000003,,1.03048
2026-01-15T09:23:11.000Z,,,0.3,,87,72,22.14,,1.03855
2026-01-15T09:23:12.000Z,,,0.3,,38,58,17.269199999999998,,1.04121
2026-01-15T09:23:13.000Z,,,,,0,35,10.2528,,1.04121
2026-01-15T09:23:14.000Z,,,,,0,11,3.2364,,1.04121
2026-01-15T09:23:15.000Z,,,,,0,0,0,,1.04121
2026-01-15T09:23:16.000Z,,,,,0,0,0,,1.04121
2026-01-15T09:23:17.000Z,,,,,0,0,0,,1.04121
2026-01-15T09:23:18.000Z,,,,,0,0,0,,1.04121
2026-01-15T09:23:19.000Z,,,,,0,0,0,,1.04121
2026-01-15T09:23:20.000Z,,,,,0,0,0,,1.04121
2026-01-15T09:23:21.000Z,,,,,0,0,0,,1.04121
2026-01-15T09:23:22.000Z,,,,,0,0,0,,1.04121
2026-01-15T09:23:23.000Z,,,,,0,0,0,,1.04121
2026-01-15T09:23:24.000Z,,,,,0,0,0,,1.04121
2026-01-15T09:23:25.000Z,,,,,0,0,0,,1.04121
2026-01-15T09:23:26.000Z,,,,,0,0,0,,1.04121
2026-01-15T09:23:27.000Z,,,,,0,0,0,,1.04121
2026-01-15T09:23:28.000Z,,,,,0,0,0,,1.04121
2026-01-15T09:23:29.000Z,,,,,0,0,0,,1.04121
2026-01-15T09:23:30.000Z,,,,,0,0,0,,1.04121
2026-01-15T09:23:31.000Z,,,,,0,0,0,,1.04121
2026-01-15T09:23:32.000Z,,,,,0,0,0,,1.04121
2026-01-15T09:23:33.000Z,,,,,0,0,0,,1.04121
2026-01-15T09:23:34.000Z,,,,,0,0,0,,1.04121
2026-01-15T09:23:35.000Z,,,,,0,0,0,,1.04121
2026-01-15T09:23:36.000Z,,,,,0,0,0,,1.04121
2026-01-15T09:23:37.000Z,,,,,0,0,0,,1.04121
2026-01-15T09:23:38.000Z,,,,,0,0,0,,1.04121
2026-01-15T09:23:39.000Z,,,,,0,0,0,,1.04121
2026-01-15T09:23:40.000Z,,,,,0,0,0,,1.04121
2026-01-15T09:23:41.000Z,,,,,0,0,0,,1.04121
2026-01-15T09:23:42.000Z,,,,,0,0,0,,1.04121
2026-01-15T09:23:43.000Z,,,,,16,0,0,,1.04121
2026-01-15T09:23:44.000Z,,,0.3,,75,48,26.4636,,1.0461900000000002
2026-01-15T09:23:45.000Z,,,0.3,,126,59,27.396,,1.05432
2026-01-15T09:23:46.000Z,,,0.3,,113,66,25.0776,,1.05955
2026-01-15T09:23:47.000Z,,,0.3,,104,66,25.434,,1.06752
2026-01-15T09:23:48.000Z,,,0.3,,112,63,23.5512,,1.0746099999999998
2026-01-15T09:23:49.000Z,,,0.3,,131,62,26.55,,1.08108
2026-01-15T09:23:50.000Z,,,0.3,,151,62,28.4256,,1.0894300000000001
2026-01-15T09:23:51.000Z,,,0.3,,172,63,28.3392,,1.09779
2026-01-15T09:23:52.000Z,,,0.3,,195,68,31.7664,,1.1061500000000002
2026-01-15T09:23:53.000Z,,,0.3,,185,72,29.6784,,1.11429
2026-01-15T09:23:54.000Z,,,0.3,,162,73,28.7712,,1.12286
2026-01-15T09:23:55.000Z,,,0.3,,148,73,28.486800000000002,,1.1304
2026-01-15T09:23:56.000Z,,,0.3,,132,72,26.7012,,1.13701
2026-01-15T09:23:57.000Z,,,0.3,,136,70,26.9604,,1.14526
2026-01-15T09:23:58.000Z,,,0.3,,146,70,28.119600000000002,,1.15198
2026-01-15T09:23:59.000Z,,,0.3,,147,70,27.396,,1.15981
2026-01-15T09:24:00.000Z,,,0.3,,151,70,28.335600000000003,,1.16748
2026-01-15T09:24:01.000Z,,,0.3,,155,70,28.404,,1.17653
2026-01-15T09:24:02.000Z,,,0.3,,153,71,28.227600000000002,,1.1833
2026-01-15T09:24:03.000Z,,,0.3,,150,71,28.116,,1.19116
2026-01-15T09:24:04.000Z,,,0.3,,144,70,27.576,,1.19899
2026-01-15T09:24:05.000Z,,,0.3,,143,70,27.4248,,1.2073900000000002
2026-01-15T09:24:06.000Z,,,0.3,,153,70,27.954,,1.21428
2026-01-15T09:24:07.000Z,,,0.3,,162,71,29.278799999999997,,1.22184
2026-01-15T09:24:08.000Z,,,0.3,,160,72,28.706400000000002,,1.2301900000000001
2026-01-15T09:24:09.000Z,,,0.3,,155,72,28.5516,,1.23854
2026-01-15T09:24:10.000Z,,,0.3,,148,72,27.5616,,1.2469000000000001
2026-01-15T09:24:11.000Z,,,0.3,,144,72,27.702,,1.25319
2026-01-15T09:24:12.000Z,,,0.3,,142,71,27.7164,,1.26155
2026-01-15T09:24:13.000Z,,,0.3,,143,70,27.3168,,1.26926
2026-01-15T09:24:14.000Z,,,0.3,,151,70,28.105200000000004,,1.27569
2026-01-15T09:24:15.000Z,,,0.3,,157,71,28.119600000000002,,1.28385
2026-01-15T09:24:16.000Z,,,0.3,,159,72,29.138399999999997,,1.2922200000000001
2026-01-15T09:24:17.000Z,,,0.3,,159,73,28.3212,,1.30056
2026-01-15T09:24:18.000Z,,,0.3,,159,73,28.8468,,1.30892
2026-01-15T09:24:19.000Z,,,0.3,,153,74,28.3428,,1.3158699999999999
2026-01-15T09:24:20.000Z,,,0.3,,145,74,27.2088,,1.32295
2026-01-15T09:24:21.000Z,,,0.3,,151,74,28.3536,,1.33134
2026-01-15T09:24:22.000Z,,,0.3,,153,74,28.3572,,1.33974
2026-01-15T09:24:23.000Z,,,0.3,,143,74,27.4788,,1.3477999999999999
2026-01-15T09:24:24.000Z,,,0.3,,142,73,27.320400000000003,,1.35424
2026-01-15T09:24:25.000Z,,,0.3,,153,73,28.8828,,1.36259
2026-01-15T09:24:26.000Z,,,0.3,,154,73,28.1844,,1.37094
2026-01-15T09:24:27.000Z,,,0.3,,151,74,28.2708,,1.37723
2026-01-15T09:24:28.000Z,,,0.3,,152,73,28.306800000000003,,1.3855899999999999
2026-01-15T09:24:29.000Z,,,0.3,,158,74,28.839599999999997,,1.39395
2026-01-15T09:24:30.000Z,,,0.3,,152,75,28.332,,1.40229
2026-01-15T09:24:31.000Z,,,0.3,,146,74,27.4572,,1.40902
2026-01-15T09:24:32.000Z,,,0.3,,151,75,28.4832,,1.4164400000000001
2026-01-15T09:24:33.000Z,,,0.3,,149,75,28.4436,,1.4245
2026-01-15T09:24:34.000Z,,,0.3,,139,74,26.568,,1.43297
2026-01-15T09:24:35.000Z,,,0.3,,149,73,27.8064,,1.43926
2026-01-15T09:24:36.000Z,,,0.3,,163,74,29.034,,1.4476099999999998
2026-01-15T09:24:37.000Z,,,0.3,,164,76,29.275199999999998,,1.45578
2026-01-15T09:24:38.000Z,,,0.3,,154,76,28.4652,,1.46433
2026-01-15T09:24:39.000Z,,,0.3,,141,76,27.0972,,1.4724400000000002
2026-01-15T09:24:40.000Z,,,0.3,,148,75,27.954,,1.4784300000000001
2026-01-15T09:24:41.000Z,,,0.3,,160,76,29.570400000000003,,1.48682
2026-01-15T09:24:42.000Z,,,0.3,,152,77,28.0152,,1.49499
2026-01-15T09:24:43.000Z,,,0.3,,138,76,27.6948,,1.5034500000000002
2026-01-15T09:24:44.000Z,,,0.3,,80,66,22.0608,,1.50696
2026-01-15T09:24:45.000Z,,,,,0,42,13.024799999999999,,1.50696
2026-01-15T09:24:46.000Z,,,,,0,17,3.9924,,1.50696
2026-01-15T09:24:47.000Z,,,,,0,0,0,,1.50696
2026-01-15T09:24:48.000Z,,,,,0,0,0,,1.50696
2026-01-15T09:24:49.000Z,,,,,0,0,0,,1.50696
2026-01-15T09:24:50.000Z,,,,,0,0,0,,1.50696
2026-01-15T09:24:51.000Z,,,,,0,0,0,,1.50696
2026-01-15T09:24:52.000Z,,,,,0,0,0,,1.50696
2026-01-15T09:24:53.000Z,,,,,0,0,0,,1.50696
2026-01-15T09:24:54.000Z,,,,,0,0,0,,1.50696
2026-01-15T09:24:55.000Z,,,,,0,0,0,,1.50696
2026-01-15T09:24:56.000Z,,,,,0,0,0,,1.50696
2026-01-15T09:24:57.000Z,,,,,0,0,0,,1.50696
2026-01-15T09:24:58.000Z,,,,,0,0,0,,1.50696
2026-01-15T09:24:59.000Z,,,,,0,0,0,,1.50696
2026-01-15T09:25:00.000Z,,,,,0,0,0,,1.50696
2026-01-15T09:25:01.000Z,,,,,0,0,0,,1.50696
2026-01-15T09:25:02.000Z,,,,,0,0,0,,1.50696
2026-01-15T09:25:03.000Z,,,,,0,0,0,,1.50696
2026-01-15T09:25:04.000Z,,,,,0,0,0,,1.50696
2026-01-15T09:25:05.000Z,,,,,0,0,0,,1.50696
2026-01-15T09:25:06.000Z,,,,,0,0,0,,1.50696
2026-01-15T09:25:07.000Z,,,,,0,0,0,,1.50696
2026-01-15T09:25:08.000Z,,,,,0,0,0,,1.50696
2026-01-15T09:25:09.000Z,,,,,0,0,0,,1.50696
2026-01-15T09:25:10.000Z,,,,,0,0,0,,1.50696
2026-01-15T09:25:11.000Z,,,,,0,0,0,,1.50696
2026-01-15T09:25:12.000Z,,,,,0,0,0,,1.50696
2026-01-15T09:25:13.000Z,,,,,0,0,0,,1.50696
2026-01-15T09:25:14.000Z,,,,,0,0,0,,1.50696
2026-01-15T09:25:15.000Z,,,,,0,0,0,,1.50696
2026-01-15T09:25:16.000Z,,,0.3,,35,44,31.046400000000002,,1.50946
2026-01-15T09:25:17.000Z,,,0.3,,119,49,25.3692,,1.51579
2026-01-15T09:25:18.000Z,,,0.3,,146,57,28.3752,,1.52396
2026-01-15T09:25:19.000Z,,,0.3,,157,63,28.047600000000003,,1.53232
2026-01-15T09:25:20.000Z,,,0.3,,168,63,29.142000000000003,,1.54068
2026-01-15T09:25:21.000Z,,,0.3,,187,61,29.822400000000002,,1.54903
2026-01-15T09:25:22.000Z,,,0.3,,217,63,32.1012,,1.55739
2026-01-15T09:25:23.000Z,,,0.3,,240,66,34.2684,,1.5665799999999999
2026-01-15T09:25:24.000Z,,,0.3,,234,70,32.5404,,1.57617
2026-01-15T09:25:25.000Z,,,0.3,,218,72,32.5404,,1.58398
2026-01-15T09:25:26.000Z,,,0.3,,205,72,32.004000000000005,,1.5943399999999999
2026-01-15T09:25:27.000Z,,,0.3,,184,71,29.1096,,1.60137
2026-01-15T09:25:28.000Z,,,0.3,,199,71,30.7512,,1.60941
2026-01-15T09:25:29.000Z,,,0.3,,217,72,32.7888,,1.61933
2026-01-15T09:25:30.000Z,,,0.3,,204,73,31.2696,,1.62769
2026-01-15T09:25:31.000Z,,,0.3,,195,73,30.4956,,1.6365100000000001
2026-01-15T09:25:32.000Z,,,0.3,,200,72,31.2624,,1.6449
2026-01-15T09:25:33.000Z,,,0.3,,207,73,32.1048,,1.65483
2026-01-15T09:25:34.000Z,,,0.3,,208,74,32.3712,,1.6626400000000001
2026-01-15T09:25:35.000Z,,,0.3,,198,74,30.794400000000003,,1.67104
2026-01-15T09:25:36.000Z,,,0.3,,197,73,30.4956,,1.67921
2026-01-15T09:25:37.000Z,,,0.3,,203,74,31.824,,1.6894300000000002
2026-01-15T09:25:38.000Z,,,0.3,,198,73,30.794400000000003,,1.698
2026-01-15T09:25:39.000Z,,,0.3,,197,72,30.293999999999997,,1.70635
2026-01-15T09:25:40.000Z,,,0.3,,212,74,32.31,,1.7147000000000001
2026-01-15T09:25:41.000Z,,,0.3,,215,75,32.486399999999996,,1.72306
2026-01-15T09:25:42.000Z,,,0.3,,200,75,31.251599999999996,,1.7329100000000002
2026-01-15T09:25:43.000Z,,,0.3,,185,74,29.487600000000004,,1.7412100000000001
2026-01-15T09:25:44.000Z,,,0.3,,196,73,31.0392,,1.74958
2026-01-15T09:25:45.000Z,,,0.3,,212,75,32.454,,1.7578699999999998
2026-01-15T09:25:46.000Z,,,0.3,,209,75,31.982400000000002,,1.7662200000000001
2026-01-15T09:25:47.000Z,,,0.3,,201,75,31.1796,,1.77636
2026-01-15T09:25:48.000Z,,,0.3,,196,75,30.517200000000003,,1.7846700000000002
2026-01-15T09:25:49.000Z,,,0.3,,202,75,31.6368,,1.7933599999999998
2026-01-15T09:25:50.000Z,,,0.3,,207,76,31.982400000000002,,1.8017100000000001
2026-01-15T09:25:51.000Z,,,0.3,,203,76,31.384800000000002,,1.81008
2026-01-15T09:25:52.000Z,,,0.3,,203,76,31.2228,,1.8197
2026-01-15T09:25:53.000Z,,,0.3,,206,77,31.744799999999998,,1.82835
2026-01-15T09:25:54.000Z,,,0.3,,206,77,31.8456,,1.83653
2026-01-15T09:25:55.000Z,,,0.3,,199,78,31.374,,1.84488
2026-01-15T09:25:56.000Z,,,0.3,,193,77,30.5424,,1.85324
2026-01-15T09:25:57.000Z,,,0.3,,196,76,31.0032,,1.8616
2026-01-15T09:25:58.000Z,,,0.3,,203,77,31.633200000000002,,1.8716
2026-01-15T09:25:59.000Z,,,0.3,,204,77,31.4964,,1.8803800000000002
2026-01-15T09:26:00.000Z,,,0.3,,195,77,30.924,,1.88874
2026-01-15T09:26:01.000Z,,,0.3,,169,74,28.7964,,1.89655
2026-01-15T09:26:02.000Z,,,0.3,,157,70,25.92,,1.90461
2026-01-15T09:26:03.000Z,,,0.3,,200,70,32.0508,,1.91312
2026-01-15T09:26:04.000Z,,,0.3,,225,73,35.16480000000001,,1.92147
2026-01-15T09:26:05.000Z,,,0.3,,191,72,30.5892,,1.92983
2026-01-15T09:26:06.000Z,,,0.3,,191,72,31.8024,,1.93885
2026-01-15T09:26:07.000Z,,,0.3,,208,72,32.684400000000004,,1.9459600000000001
2026-01-15T09:26:08.000Z,,,0.3,,198,72,30.5892,,1.95696
2026-01-15T09:26:09.000Z,,,0.3,,199,72,31.078799999999998,,1.9647400000000002
2026-01-15T09:26:10.000Z,,,0.3,,206,73,31.690800000000003,,1.97299
2026-01-15T09:26:11.000Z,,,0.3,,207,73,32.1876,,1.98152
2026-01-15T09:26:12.000Z,,,0.3,,204,73,31.219200000000004,,1.98916
2026-01-15T09:26:13.000Z,,,0.3,,208,74,31.377599999999997,,2.00012
2026-01-15T09:26:14.000Z,,,0.3,,218,75,32.500800000000005,,2.00848
2026-01-15T09:26:15.000Z,,,0.3,,202,77,32.8284,,2.01685
2026-01-15T09:26:16.000Z,,,0.3,,110,64,27.5652,,2.02446
2026-01-15T09:26:17.000Z,,,,,0,41,17.3304,,2.02446
2026-01-15T09:26:18.000Z,,,,,0,17,7.092,,2.02446
2026-01-15T09:26:19.000Z,,,,,0,0,0,,2.02446
2026-01-15T09:26:20.000Z,,,,,0,0,0,,2.02446
2026-01-15T09:26:21.000Z,,,,,0,0,0,,2.02446
2026-01-15T09:26:22.000Z,,,,,0,0,0,,2.02446
2026-01-15T09:26:23.000Z,,,,,0,0,0,,2.02446
2026-01-15T09:26:24.000Z,,,,,0,0,0,,2.02446
2026-01-15T09:26:25.000Z,,,,,0,0,0,,2.02446
2026-01-15T09:26:26.000Z,,,,,0,0,0,,2.02446
2026-01-15T09:26:27.000Z,,,,,0,0,0,,2.02446
2026-01-15T09:26:28.000Z,,,,,0,0,0,,2.02446
2026-01-15T09:26:29.000Z,,,,,0,0,0,,2.02446
2026-01-15T09:26:30.000Z,,,,,0,0,0,,2.02446
2026-01-15T09:26:31.000Z,,,,,0,0,0,,2.02446
2026-01-15T09:26:32.000Z,,,,,0,0,0,,2.02446
2026-01-15T09:26:33.000Z,,,,,0,0,0,,2.02446
2026-01-15T09:26:34.000Z,,,,,0,0,0,,2.02446
2026-01-15T09:26:35.000Z,,,,,0,0,0,,2.02446
2026-01-15T09:26:36.000Z,,,,,0,0,0,,2.02446
2026-01-15T09:26:37.000Z,,,,,0,0,0,,2.02446
2026-01-15T09:26:38.000Z,,,,,0,0,0,,2.02446
2026-01-15T09:26:39.000Z,,,,,0,0,0,,2.02446
2026-01-15T09:26:40.000Z,,,,,0,0,0,,2.02446
2026-01-15T09:26:41.000Z,,,,,0,0,0,,2.02446
2026-01-15T09:26:42.000Z,,,,,0,0,0,,2.02446
2026-01-15T09:26:43.000Z,,,,,0,0,0,,2.02446
2026-01-15T09:26:44.000Z,,,,,0,0,0,,2.02446
2026-01-15T09:26:45.000Z,,,,,0,0,0,,2.02446
2026-01-15T09:26:46.000Z,,,,,0,0,0,,2.02446
2026-01-15T09:26:47.000Z,,,,,18,0,0,,2.02446
2026-01-15T09:26:48.000Z,,,0.3,,90,48,25.797600000000003,,2.0291099999999997
2026-01-15T09:26:49.000Z,,,0.3,,169,60,30.351599999999998,,2.03532
2026-01-15T09:26:50.000Z,,,0.3,,186,68,30.672,,2.04574
2026-01-15T09:26:51.000Z,,,0.3,,184,69,29.9628,,2.054
2026-01-15T09:26:52.000Z,,,0.3,,199,67,30.2652,,2.0611
2026-01-15T09:26:53.000Z,,,0.3,,236,65,33.9048,,2.07081
2026-01-15T09:26:54.000Z,,,0.3,,271,67,35.9748,,2.08064
2026-01-15T09:26:55.000Z,,,0.3,,275,70,36.792,,2.09165
2026-01-15T09:26:56.000Z,,,0.3,,266,71,34.3044,,2.09863
2026-01-15T09:26:57.000Z,,,0.3,,271,74,36.4752,,2.10996
2026-01-15T09:26:58.000Z,,,0.3,,266,75,36.6912,,2.12004
2026-01-15T09:26:59.000Z,,,0.3,,244,74,33.0336,,2.13036
2026-01-15T09:27:00.000Z,,,0.3,,231,73,33.872400000000006,,2.13896
2026-01-15T09:27:01.000Z,,,0.3,,230,71,32.4,,2.14732
2026-01-15T09:27:02.000Z,,,0.3,,243,70,34.019999999999996,,2.15774
2026-01-15T09:27:03.000Z,,,0.3,,260,72,35.7804,,2.16698
2026-01-15T09:27:04.000Z,,,0.3,,253,72,34.4412,,2.17628
2026-01-15T09:27:05.000Z,,,0.3,,250,72,34.4808,,2.18644
2026-01-15T09:27:06.000Z,,,0.3,,251,72,35.37,,2.19482
2026-01-15T09:27:07.000Z,,,0.3,,244,71,33.5304,,2.2050500000000004
2026-01-15T09:27:08.000Z,,,0.3,,244,71,33.8472,,2.21396
2026-01-15T09:27:09.000Z,,,0.3,,252,71,34.815599999999996,,2.22383
2026-01-15T09:27:10.000Z,,,0.3,,251,71,34.4448,,2.23425
2026-01-15T09:27:11.000Z,,,0.3,,250,71,34.181999999999995,,2.24261
2026-01-15T09:27:12.000Z,,,0.3,,263,72,34.9848,,2.2530300000000003
2026-01-15T09:27:13.000Z,,,0.3,,276,74,36.8208,,2.26347
2026-01-15T09:27:14.000Z,,,0.3,,259,76,36.1872,,2.27181
2026-01-15T09:27:15.000Z,,,0.3,,235,74,30.848400000000005,,2.28094
2026-01-15T09:27:16.000Z,,,0.3,,247,73,35.693999999999996,,2.29198
2026-01-15T09:27:17.000Z,,,0.3,,251,74,35.8956,,2.3003299999999998
2026-01-15T09:27:18.000Z,,,0.3,,235,72,32.922,,2.31077
2026-01-15T09:27:19.000Z,,,0.3,,251,73,35.766000000000005,,2.31912
2026-01-15T09:27:20.000Z,,,0.3,,262,73,35.136,,2.3289299999999997
2026-01-15T09:27:21.000Z,,,0.3,,257,74,35.316,,2.33998
2026-01-15T09:27:22.000Z,,,0.3,,245,74,34.1784,,2.34833
2026-01-15T09:27:23.000Z,,,0.3,,235,73,33.2676,,2.3582300000000003
2026-01-15T09:27:24.000Z,,,0.3,,239,72,34.2288,,2.3666300000000002
2026-01-15T09:27:25.000Z,,,0.3,,242,71,33.303599999999996,,2.37684
2026-01-15T09:27:26.000Z,,,0.3,,248,71,34.4988,,2.3851999999999998
2026-01-15T09:27:27.000Z,,,0.3,,256,71,34.754400000000004,,2.3956399999999998
2026-01-15T09:27:28.000Z,,,0.3,,267,72,35.2872,,2.40471
2026-01-15T09:27:29.000Z,,,0.3,,277,74,37.638,,2.41521
2026-01-15T09:27:30.000Z,,,0.3,,256,75,35.2224,,2.42485
2026-01-15T09:27:31.000Z,,,0.3,,235,73,32.4792,,2.435
2026-01-15T09:27:32.000Z,,,0.3,,249,74,35.1468,,2.4431
2026-01-15T09:27:33.000Z,,,0.3,,241,72,32.3568,,2.45357
2026-01-15T09:27:34.000Z,,,0.3,,236,71,33.5556,,2.46108
2026-01-15T09:27:35.000Z,,,0.3,,252,71,34.272,,2.47064
2026-01-15T09:27:36.000Z,,,0.3,,260,72,35.388,,2.4825700000000004
2026-01-15T09:27:37.000Z,,,0.3,,258,73,35.110800000000005,,2.49093
2026-01-15T09:27:38.000Z,,,0.3,,256,74,35.049600000000005,,2.50136
2026-01-15T09:27:39.000Z,,,0.3,,242,73,33.976800000000004,,2.5095
2026-01-15T09:27:40.000Z,,,0.3,,233,72,32.7924,,2.5199000000000003
2026-01-15T09:27:41.000Z,,,0.3,,245,71,33.9948,,2.52814
2026-01-15T09:27:42.000Z,,,0.3,,256,71,34.614000000000004,,2.5376100000000004
2026-01-15T09:27:43.000Z,,,0.3,,255,72,35.316,,2.5486500000000003
2026-01-15T09:27:44.000Z,,,0.3,,251,72,34.6608,,2.55702
2026-01-15T09:27:45.000Z,,,0.3,,244,72,33.919200000000004,,2.56744
2026-01-15T09:27:46.000Z,,,0.3,,236,71,34.1244,,2.57652
2026-01-15T09:27:47.000Z,,,0.3,,193,68,31.374,,2.58623
2026-01-15T09:27:48.000Z,,,0.3,,95,52,28.231199999999998,,2.59164
2026-01-15T09:27:49.000Z,,,,,15,34,18.648,,2.59164
2026-01-15T09:27:50.000Z,,,,,0,17,9.0648,,2.59164
2026-01-15T09:27:51.000Z,,,,,0,0,0,,2.59164
2026-01-15T09:27:52.000Z,,,,,0,0,0,,2.59164
2026-01-15T09:27:53.000Z,,,,,0,0,0,,2.59164
2026-01-15T09:27:54.000Z,,,,,0,0,0,,2.59164
2026-01-15T09:27:55.000Z,,,,,0,0,0,,2.59164
2026-01-15T09:27:56.000Z,,,,,0,0,0,,2.59164
2026-01-15T09:27:57.000Z,,,,,0,0,0,,2.59164
2026-01-15T09:27:58.000Z,,,,,0,0,0,,2.59164
2026-01-15T09:27:59.000Z,,,,,0,0,0,,2.59164
2026-01-15T09:28:00.000Z,,,,,0,0,0,,2.59164
2026-01-15T09:28:01.000Z,,,,,0,0,0,,2.59164
2026-01-15T09:28:02.000Z,,,,,0,0,0,,2.59164
2026-01-15T09:28:03.000Z,,,,,0,0,0,,2.59164
2026-01-15T09:28:04.000Z,,,,,0,0,0,,2.59164
2026-01-15T09:28:05.000Z,,,,,0,0,0,,2.59164
2026-01-15T09:28:06.000Z,,,,,0,0,0,,2.59164
2026-01-15T09:28:07.000Z,,,,,0,0,0,,2.59164
2026-01-15T09:28:08.000Z,,,,,0,0,0,,2.59164
2026-01-15T09:28:09.000Z,,,,,0,0,0,,2.59164
2026-01-15T09:28:10.000Z,,,,,0,0,0,,2.59164
2026-01-15T09:28:11.000Z,,,,,0,0,0,,2.59164
2026-01-15T09:28:12.000Z,,,,,0,0,0,,2.59164
2026-01-15T09:28:13.000Z,,,,,0,0,0,,2.59164
2026-01-15T09:28:14.000Z,,,,,0,0,0,,2.59164
2026-01-15T09:28:15.000Z,,,,,0,0,0,,2.59164
2026-01-15T09:28:16.000Z,,,,,0,0,0,,2.59164
2026-01-15T09:28:17.000Z,,,,,0,0,0,,2.59164
2026-01-15T09:28:18.000Z,,,,,0,0,0,,2.59164
2026-01-15T09:28:19.000Z,,,,,0,0,0,,2.59164
2026-01-15T09:28:20.000Z,,,,,7,0,0,,2.59164
2026-01-15T09:28:21.000Z,,,0.3,,67,29,26.416800000000002,,2.5957500000000002
2026-01-15T09:28:22.000Z,,,0.3,,165,29,26.8056,,2.60442
2026-01-15T09:28:23.000Z,,,0.3,,180,28,29.6928,,2.61106
2026-01-15T09:28:24.000Z,,,0.3,,210,30,31.114800000000002,,2.62079
2026-01-15T09:28:25.000Z,,,0.3,,221,33,32.360400000000006,,2.62962
2026-01-15T09:28:26.000Z,,,0.3,,249,40,32.6448,,2.63768
2026-01-15T09:28:27.000Z,,,0.3,,262,50,35.8272,,2.64794
2026-01-15T09:28:28.000Z,,,0.3,,269,56,35.629200000000004,,2.65836
2026-01-15T09:28:29.000Z,,,0.3,,270,62,35.7804,,2.6667199999999998
2026-01-15T09:28:30.000Z,,,0.3,,272,65,35.773199999999996,,2.67714
2026-01-15T09:28:31.000Z,,,0.3,,275,67,36,,2.68757
2026-01-15T09:28:32.000Z,,,0.3,,279,67,36.2412,,2.69799
2026-01-15T09:28:33.000Z,,,0.3,,289,67,36.7308,,2.70722
2026-01-15T09:28:34.000Z,,,0.3,,305,68,38.0484,,2.71772
2026-01-15T09:28:35.000Z,,,0.3,,316,69,38.1348,,2.72859
2026-01-15T09:28:36.000Z,,,0.3,,311,71,39.016799999999996,,2.73922
2026-01-15T09:28:37.000Z,,,0.3,,292,70,36.8496,,2.7494400000000003
2026-01-15T09:28:38.000Z,,,0.3,,292,70,36.9072,,2.75987
2026-01-15T09:28:39.000Z,,,0.3,,303,70,37.332,,2.77029
2026-01-15T09:28:40.000Z,,,0.3,,306,70,38.088,,2.7807199999999996
2026-01-15T09:28:41.000Z,,,0.3,,310,71,38.152800000000006,,2.79114
2026-01-15T09:28:42.000Z,,,0.3,,303,72,37.7496,,2.8015700000000003
2026-01-15T09:28:43.000Z,,,0.3,,309,72,37.519200000000005,,2.8120000000000003
2026-01-15T09:28:44.000Z,,,0.3,,322,74,39.00600000000001,,2.8223800000000003
2026-01-15T09:28:45.000Z,,,0.3,,297,73,35.1504,,2.83236
2026-01-15T09:28:46.000Z,,,0.3,,276,71,34.722,,2.8425900000000004
2026-01-15T09:28:47.000Z,,,0.3,,306,72,38.61,,2.8530100000000003
2026-01-15T09:28:48.000Z,,,0.3,,315,73,38.811600000000006,,2.8627700000000003
2026-01-15T09:28:49.000Z,,,0.3,,303,73,37.5696,,2.87387
2026-01-15T09:28:50.000Z,,,0.3,,297,74,37.71,,2.88429
2026-01-15T09:28:51.000Z,,,0.3,,293,72,37.26,,2.89471
2026-01-15T09:28:52.000Z,,,0.3,,290,72,36.8748,,2.9051500000000003
2026-01-15T09:28:53.000Z,,,0.3,,294,71,37.2744,,2.91504
2026-01-15T09:28:54.000Z,,,0.3,,305,71,38.2716,,2.9255100000000005
2026-01-15T09:28:55.000Z,,,0.3,,313,73,38.4264,,2.9351
2026-01-15T09:28:56.000Z,,,0.3,,297,73,37.6776,,2.94671
2026-01-15T09:28:57.000Z,,,0.3,,283,71,36.122400000000006,,2.9565900000000003
2026-01-15T09:28:58.000Z,,,0.3,,295,70,36.9036,,2.96701
2026-01-15T09:28:59.000Z,,,0.3,,313,72,39.236399999999996,,2.9768000000000003
2026-01-15T09:29:00.000Z,,,0.3,,306,73,37.5264,,2.98787
2026-01-15T09:29:01.000Z,,,0.3,,292,72,36.709199999999996,,2.9983000000000004
2026-01-15T09:29:02.000Z,,,0.3,,291,71,37.6956,,3.00819
2026-01-15T09:29:03.000Z,,,0.3,,285,70,36.4788,,3.01866
2026-01-15T09:29:04.000Z,,,0.3,,289,68,36.7524,,3.02889
2026-01-15T09:29:05.000Z,,,0.3,,305,69,38.268,,3.03931
2026-01-15T09:29:06.000Z,,,0.3,,312,70,38.156400000000005,,3.04974
2026-01-15T09:29:07.000Z,,,0.3,,304,70,37.8936,,3.0601700000000003
2026-01-15T09:29:08.000Z,,,0.3,,295,69,36.568799999999996,,3.07059
2026-01-15T09:29:09.000Z,,,0.3,,294,69,38.0088,,3.08042
2026-01-15T09:29:10.000Z,,,0.3,,287,68,36.1152,,3.09145
2026-01-15T09:29:11.000Z,,,0.3,,292,67,37.364399999999996,,3.1013400000000004
2026-01-15T09:29:12.000Z,,,0.3,,292,66,37.4184,,3.1103400000000003
2026-01-15T09:29:13.000Z,,,0.3,,277,64,34.8984,,3.12204
2026-01-15T09:29:14.000Z,,,0.3,,290,62,37.0512,,3.1309400000000003
2026-01-15T09:29:15.000Z,,,0.3,,312,63,38.412,,3.14145
2026-01-15T09:29:16.000Z,,,0.3,,319,65,38.4444,,3.15194
2026-01-15T09:29:17.000Z,,,0.3,,324,67,38.214,,3.1624499999999998
2026-01-15T09:29:18.000Z,,,0.3,,330,70,39.2832,,3.17417
2026-01-15T09:29:19.000Z,,,0.3,,302,71,37.3536,,3.1846
2026-01-15T09:29:20.000Z,,,0.3,,234,66,33.2676,,3.19449
2026-01-15T09:29:21.000Z,,,0.3,,118,53,28.6524,,3.20229
2026-01-15T09:29:22.000Z,,,,,1,35,19.6632,,3.20229
2026-01-15T09:29:23.000Z,,,,,0,17,10.677600000000002,,3.20229
2026-01-15T09:29:24.000Z,,,,,0,0,1.6884,,3.20229
2026-01-15T09:29:25.000Z,,,,,0,0,0,,3.20229